image_0000001,2,0.8,0.4
image_0000002,2,0.8,0.5
image_0000003,2,0.8,0.4
image_0000004,2,0.8,0.4
image_0000005,2,0.8,0.5
image_0000006,2,0.8,0.4
image_0000007,2,0.8,0.4
image_0000008,2,0.8,0.5
image_0000009,2,0.8,0.4
image_0000010,2,0.8,0.4
image_0000011,2,0.8,0.5
image_0000012,2,0.8,0.5
image_0000013,2,0.8,0.5
image_0000014,2,0.8,0.4
image_0000015,2,0.8,0.4
image_0000016,2,0.8,0.4
image_0000017,2,0.8,0.4
image_0000018,2,0.8,0.4
image_0000019,2,0.8,0.4
image_0000020,2,0.8,0.5
image_0000021,2,0.8,0.5
image_0000022,2,0.8,0.5
image_0000023,2,0.8,0.4
image_0000024,2,0.8,0.5
image_0000025,2,0.8,0.4
image_0000026,2,0.8,0.5
image_0000027,2,0.8,0.5
image_0000028,2,0.8,0.5
image_0000029,2,0.8,0.5
image_0000030,2,0.8,0.5
image_0000031,2,0.8,0.5
image_0000032,2,0.8,0
image_0000033,2,0.8,0
image_0000034,2,0.8,0
image_0000035,2,0.8,0
image_0000036,2,0.8,0
image_0000037,2,0.8,0
image_0000038,2,0.8,0
image_0000039,2,0.8,0
image_0000040,2,0.8,0
image_0000041,2,0.8,0
image_0000042,2,0.8,0
image_0000043,2,0.8,0
image_0000044,2,0.8,0
image_0000045,2,0.8,0
image_0000046,2,0.8,0
image_0000047,2,0.8,0
image_0000048,2,0.8,0
image_0000049,2,0.8,0
image_0000050,2,0.8,0
image_0000051,2,0.8,0
image_0000052,2,0.8,0
image_0000053,2,0.8,0
image_0000054,2,0.8,0
image_0000055,2,0.8,0
image_0000056,2,0.8,0.1
image_0000057,2,0.8,0.1
image_0000058,2,0.8,0.5
image_0000059,2,0.8,0.4
image_0000060,2,0.8,0.4
image_0000061,2,0.8,0.5
image_0000062,2,0.8,0.4
image_0000063,2,0.8,0.4
image_0000064,2,0.8,0.4
image_0000065,2,0.8,0.4
image_0000066,2,0.8,0.5
image_0000067,2,0.8,0.4
image_0000068,2,0.8,0.4
image_0000069,2,0.8,0.4
image_0000070,2,0.8,0.4
image_0000071,2,0.8,0.5
image_0000072,2,0.8,0.5
image_0000073,2,0.8,0.5
image_0000074,2,0.8,0.4
image_0000075,2,0.8,0.5
image_0000076,2,0.8,0.5
image_0000077,2,0.8,0.5
image_0000078,2,0.8,0.4
image_0000079,2,0.8,0.5
image_0000080,2,0.8,0.4
image_0000081,2,0.8,0.4
image_0000082,2,0.8,0.4
image_0000083,2,0.8,0.5
image_0000084,2,0.8,0.4
image_0000085,2,0.8,0.5
image_0000086,2,0.8,0.5
image_0000087,2,0.8,0.4
image_0000088,2,0.8,0.5
image_0000089,2,0.8,0.5
image_0000090,2,0.8,0.5
image_0000091,2,0.8,0.5
image_0000092,2,0.8,0.5
image_0000093,2,0.8,0.5
image_0000094,2,0.8,0.5
image_0000095,2,0.8,0.4
image_0000096,2,0.8,0.4
image_0000097,2,0.8,0.5
image_0000098,2,0.8,0
image_0000099,2,0.8,0
image_0000100,2,0.8,0
image_0000101,2,0.8,0
image_0000102,2,0.8,0
image_0000103,2,0.8,0
image_0000104,2,0.8,0
image_0000105,2,0.8,0
image_0000106,2,0.8,0
image_0000107,2,0.8,0
image_0000108,2,0.8,0
image_0000109,2,0.8,0
image_0000110,2,0.8,0
image_0000111,2,0.8,0
image_0000112,2,0.8,0
image_0000113,2,0.8,0
image_0000114,2,0.8,0
image_0000115,2,0.8,0
image_0000116,2,0.8,0
image_0000117,2,0.8,0
image_0000118,2,0.8,0
image_0000119,2,0.8,0
image_0000120,2,0.8,0
image_0000121,2,0.8,0.1
image_0000122,2,0.8,0.1
image_0000123,2,0.8,0.1
image_0000124,2,0.8,0.5
image_0000125,2,0.8,0.5
image_0000126,2,0.8,0.5
image_0000127,2,0.8,0.4
image_0000128,2,0.8,0.4
image_0000129,2,0.8,0.4
image_0000130,2,0.8,0.4
image_0000131,2,0.8,0.4
image_0000132,2,0.8,0.4
image_0000133,2,0.8,0.5
image_0000134,2,0.8,0.4
image_0000135,2,0.8,0.4
image_0000136,2,0.8,0.5
image_0000137,2,0.8,0.5
image_0000138,2,0.8,0.5
image_0000139,2,0.8,0.5
image_0000140,2,0.8,0.4
image_0000141,2,0.8,0.5
image_0000142,2,0.8,0.5
image_0000143,2,0.8,0.5
image_0000144,2,0.8,0.5
image_0000145,2,0.8,0.5
image_0000146,2,0.8,0.5
image_0000147,2,0.8,0.5
image_0000148,2,0.8,0.5
image_0000149,2,0.8,0.5
image_0000150,2,0.8,0.5
image_0000151,2,0.8,0.5
image_0000152,2,0.8,0.4
image_0000153,2,0.8,0.5
image_0000154,2,0.8,0.5
image_0000155,2,0.8,0.5
image_0000156,2,0.8,0.5
image_0000157,2,0.8,0.5
image_0000158,2,0.8,0.5
image_0000159,2,0.8,0.5
image_0000160,2,0.8,0.5
image_0000161,2,0.8,0.5
image_0000162,2,0.8,0.5
image_0000163,2,0.8,0.5
image_0000164,2,0.8,0.5
image_0000165,2,0.8,0.5
image_0000166,2,0.8,0.5
image_0000167,2,0.8,0.5
image_0000168,2,0.8,0.5
image_0000169,2,0.8,0.4
image_0000170,2,0.8,0.5
image_0000171,2,0.8,0.5
image_0000172,2,0.8,0.5
image_0000173,2,0.8,0.5
image_0000174,2,0.8,0.5
image_0000175,2,0.8,0.5
image_0000176,2,0.8,0.4
image_0000177,2,0.8,0.5
image_0000178,2,0.8,0.5
image_0000179,2,0.8,0.5
image_0000180,2,0.8,0.5
image_0000181,2,0.8,0.5
image_0000182,2,0.8,0.4
image_0000183,2,0.8,0.5
image_0000184,2,0.8,0.5
image_0000185,2,0.8,0.4
image_0000186,2,0.8,0.5
image_0000187,2,0.8,0.4
image_0000188,2,0.8,0.5
image_0000189,2,0.8,0.4
image_0000190,2,0.8,0.4
image_0000191,2,0.8,0.5
image_0000192,2,0.8,0.5
image_0000193,2,0.8,0.4
image_0000194,2,0.8,0.4
image_0000195,2,0.8,0.4
image_0000196,2,0.8,0.5
image_0000197,2,0.8,0.4
image_0000198,2,0.8,0.4
image_0000199,2,0.8,0.4
image_0000200,2,0.8,0.5
image_0000201,2,0.8,0.5
image_0000202,2,0.8,0.4
image_0000203,2,0.8,0.5
image_0000204,2,0.8,0.5
image_0000205,2,0.8,0.4
image_0000206,2,0.8,0.5
image_0000207,2,0.8,0.5
image_0000208,2,0.8,0.5
image_0000209,2,0.8,0.4
image_0000210,2,0.8,0.4
image_0000211,2,0.8,0.4
image_0000212,2,0.8,0.5
image_0000213,2,0.8,0.4
image_0000214,2,0.8,0
image_0000215,2,0.8,0
image_0000216,2,0.8,0.6
image_0000217,2,0.8,0.5
image_0000218,2,0.8,0.5
image_0000219,2,0.8,0
image_0000220,2,0.8,0
image_0000221,2,0.8,0
image_0000222,2,0.8,0
image_0000223,2,0.8,0
image_0000224,2,0.8,0
image_0000225,2,0.8,0
image_0000226,2,0.8,0
image_0000227,2,0.8,0
image_0000228,2,0.8,0
image_0000229,2,0.8,0
image_0000230,2,0.8,0
image_0000231,2,0.8,0
image_0000232,2,0.8,0
image_0000233,2,0.8,0
image_0000234,2,0.8,0
image_0000235,2,0.8,0
image_0000236,2,0.8,0
image_0000237,2,0.8,0
image_0000238,2,0.8,0
image_0000239,2,0.8,0
image_0000240,2,0.8,0
image_0000241,2,0.8,0.1
image_0000242,2,0.8,0.5
image_0000243,2,0.8,0.5
image_0000244,2,0.8,0.5
image_0000245,2,0.8,0.4
image_0000246,2,0.8,0.4
image_0000247,2,0.8,0.4
image_0000248,2,0.8,0.4
image_0000249,2,0.8,0.5
image_0000250,2,0.8,0.5
image_0000251,2,0.8,0.5
image_0000252,2,0.8,0.5
image_0000253,2,0.8,0.5
image_0000254,2,0.8,0.5
image_0000255,2,0.8,0.5
image_0000256,2,0.8,0.5
image_0000257,2,0.8,0.5
image_0000258,2,0.8,0.4
image_0000259,2,0.8,0.4
image_0000260,2,0.8,0.5
image_0000261,2,0.8,0.4
image_0000262,2,0.8,0.4
image_0000263,2,0.8,0.4
image_0000264,2,0.8,0.4
image_0000265,2,0.8,0.4
image_0000266,2,0.8,0.4
image_0000267,2,0.8,0.5
image_0000268,2,0.8,0.4
image_0000269,2,0.8,0.4
image_0000270,2,0.8,0.4
image_0000271,2,0.8,0.5
image_0000272,2,0.8,0.5
image_0000273,2,0.8,0.5
image_0000274,2,0.8,0.4
image_0000275,2,0.8,0.5
image_0000276,2,0.8,0.4
image_0000277,2,0.8,0.5
image_0000278,2,0.8,0.5
image_0000279,2,0.8,0.5
image_0000280,2,0.8,0.4
image_0000281,2,0.8,0.5
image_0000282,2,0.8,0
image_0000283,2,0.8,0
image_0000284,2,0.8,0.5
image_0000285,2,0.8,0
image_0000286,2,0.8,0
image_0000287,2,0.8,0
image_0000288,2,0.8,0
image_0000289,2,0.8,0
image_0000290,2,0.8,0
image_0000291,2,0.8,0
image_0000292,2,0.8,0
image_0000293,2,0.8,0
image_0000294,2,0.8,0
image_0000295,2,0.8,0
image_0000296,2,0.8,0
image_0000297,2,0.8,0
image_0000298,2,0.8,0
image_0000299,2,0.8,0
image_0000300,2,0.8,0
image_0000301,2,0.8,0
image_0000302,2,0.8,0
image_0000303,2,0.8,0
image_0000304,2,0.8,0
image_0000305,2,0.8,0
image_0000306,2,0.8,0.1
image_0000307,2,0.8,0.1
image_0000308,2,0.8,0.5
image_0000309,2,0.8,0.4
image_0000310,2,0.8,0.5
image_0000311,2,0.8,0.4
image_0000312,2,0.8,0.4
image_0000313,2,0.8,0.5
image_0000314,2,0.8,0.4
image_0000315,2,0.8,0.5
image_0000316,2,0.8,0.4
image_0000317,2,0.8,0.5
image_0000318,2,0.8,0.5
image_0000319,2,0.8,0.5
image_0000320,2,0.8,0.5
image_0000321,2,0.8,0.5
image_0000322,2,0.8,0.5
image_0000323,2,0.8,0.5
image_0000324,2,0.8,0.5
image_0000325,2,0.8,0.5
image_0000326,2,0.8,0.5
image_0000327,2,0.8,0.5
image_0000328,2,0.8,0.5
image_0000329,2,0.8,0.5
image_0000330,2,0.8,0.5
image_0000331,2,0.8,0.4
image_0000332,2,0.8,0.5
image_0000333,2,0.8,0.5
image_0000334,2,0.8,0.5
image_0000335,2,0.8,0.5
image_0000336,2,0.8,0.4
image_0000337,2,0.8,0.4
image_0000338,2,0.8,0.5
image_0000339,2,0.8,0.5
image_0000340,2,0.8,0.5
image_0000341,2,0.8,0.5
image_0000342,2,0.8,0.5
image_0000343,2,0.8,0.5
image_0000344,2,0.8,0.5
image_0000345,2,0.8,0.5
image_0000346,2,0.8,0.5
image_0000347,2,0.8,0.5
image_0000348,2,0.8,0.5
image_0000349,2,0.8,0.4
image_0000350,2,0.8,0.5
image_0000351,2,0.8,0.5
image_0000352,2,0.8,0.5
image_0000353,2,0.8,0.5
image_0000354,2,0.8,0.5
image_0000355,2,0.8,0.5
image_0000356,2,0.8,0.5
image_0000357,2,0.8,0.5
image_0000358,2,0.8,0.5
image_0000359,2,0.8,0.4
image_0000360,2,0.8,0.5
image_0000361,2,0.8,0.5
image_0000362,2,0.8,0.5
image_0000363,2,0.8,0.5
image_0000364,2,0.8,0.4
image_0000365,2,0.8,0.5
image_0000366,2,0.8,0.5
image_0000367,2,0.8,0.4
image_0000368,2,0.8,0.4
image_0000369,2,0.8,0.5
image_0000370,2,0.8,0.5
image_0000371,2,0.8,0.5
image_0000372,2,0.8,0.5
image_0000373,2,0.8,0.4
image_0000374,2,0.8,0.5
image_0000375,2,0.8,0.5
image_0000376,2,0.8,0.4
image_0000377,2,0.8,0.4
image_0000378,2,0.8,0.5
image_0000379,2,0.8,0.5
image_0000380,2,0.8,0.5
image_0000381,2,0.8,0.4
image_0000382,2,0.8,0.4
image_0000383,2,0.8,0.5
image_0000384,2,0.8,0.5
image_0000385,2,0.8,0.5
image_0000386,2,0.8,0.5
image_0000387,2,0.8,0.4
image_0000388,2,0.8,0.5
image_0000389,2,0.8,0.4
image_0000390,2,0.8,0.4
image_0000391,2,0.8,0.4
image_0000392,2,0.8,0.4
image_0000393,2,0.8,0.5
image_0000394,2,0.8,0.5
image_0000395,2,0.8,0.5
image_0000396,2,0.8,0
image_0000397,2,0.8,0
image_0000398,2,0.8,0
image_0000399,2,0.8,0.5
image_0000400,2,0.8,0
image_0000401,2,0.8,0
image_0000402,2,0.8,0
image_0000403,2,0.8,0
image_0000404,2,0.8,0
image_0000405,2,0.8,0
image_0000406,2,0.8,0
image_0000407,2,0.8,0
image_0000408,2,0.8,0
image_0000409,2,0.8,0
image_0000410,2,0.8,0
image_0000411,2,0.8,0
image_0000412,2,0.8,0
image_0000413,2,0.8,0
image_0000414,2,0.8,0
image_0000415,2,0.8,0
image_0000416,2,0.8,0
image_0000417,2,0.8,0
image_0000418,2,0.8,0
image_0000419,2,0.8,0
image_0000420,2,0.8,0
image_0000421,2,0.8,0
image_0000422,2,0.8,0.1
image_0000423,2,0.8,0.1
image_0000424,2,0.8,0.4
image_0000425,2,0.8,0.4
image_0000426,2,0.8,0.5
image_0000427,2,0.8,0.4
image_0000428,2,0.8,0.4
image_0000429,2,0.8,0.4
image_0000430,2,0.8,0.5
image_0000431,2,0.8,0.5
image_0000432,2,0.8,0.5
image_0000433,2,0.8,0.5
image_0000434,2,0.8,0.5
image_0000435,2,0.8,0.4
image_0000436,2,0.8,0.4
image_0000437,2,0.8,0.4
image_0000438,2,0.8,0.5
image_0000439,2,0.8,0.5
image_0000440,2,0.8,0.5
image_0000441,2,0.8,0.4
image_0000442,2,0.8,0.4
image_0000443,2,0.8,0.4
image_0000444,2,0.8,0.5
image_0000445,2,0.8,0.4
image_0000446,2,0.8,0.4
image_0000447,2,0.8,0.4
image_0000448,2,0.8,0.4
image_0000449,2,0.8,0.5
image_0000450,2,0.8,0.5
image_0000451,2,0.8,0.5
image_0000452,2,0.8,0.5
image_0000453,2,0.8,0.5
image_0000454,2,0.8,0.5
image_0000455,2,0.8,0.4
image_0000456,2,0.8,0.4
image_0000457,2,0.8,0.5
image_0000458,2,0.8,0.5
image_0000459,2,0.8,0.5
image_0000460,2,0.8,0.4
image_0000461,2,0.8,0.5
image_0000462,2,0.8,0.4
image_0000463,2,0.8,0.5
image_0000464,2,0.8,0.5
image_0000465,2,0.8,0
image_0000466,2,0.8,0
image_0000467,2,0.8,0.5
image_0000468,2,0.8,0
image_0000469,2,0.8,0
image_0000470,2,0.8,0
image_0000471,2,0.8,0
image_0000472,2,0.8,0
image_0000473,2,0.8,0
image_0000474,2,0.8,0
image_0000475,2,0.8,0
image_0000476,2,0.8,0
image_0000477,2,0.8,0
image_0000478,2,0.8,0
image_0000479,2,0.8,0
image_0000480,2,0.8,0
image_0000481,2,0.8,0
image_0000482,2,0.8,0
image_0000483,2,0.8,0
image_0000484,2,0.8,0
image_0000485,2,0.8,0
image_0000486,2,0.8,0
image_0000487,2,0.8,0
image_0000488,2,0.8,0
image_0000489,2,0.8,0.1
image_0000490,2,0.8,0.1
image_0000491,2,0.8,0.4
image_0000492,2,0.8,0.4
image_0000493,2,0.8,0.4
image_0000494,2,0.8,0.4
image_0000495,2,0.8,0.5
image_0000496,2,0.8,0.4
image_0000497,2,0.8,0.4
image_0000498,2,0.8,0.5
image_0000499,2,0.8,0.4
image_0000500,2,0.8,0.5
image_0000501,2,0.8,0.5
image_0000502,2,0.8,0.5
image_0000503,2,0.8,0.4
image_0000504,2,0.8,0.5
image_0000505,2,0.8,0.4
image_0000506,2,0.8,0.5
image_0000507,2,0.8,0.5
image_0000508,2,0.8,0.5
image_0000509,2,0.8,0.5
image_0000510,2,0.8,0.5
image_0000511,2,0.8,0.4
image_0000512,2,0.8,0.5
image_0000513,2,0.8,0.5
image_0000514,2,0.8,0.5
image_0000515,2,0.8,0.5
image_0000516,2,0.8,0.5
image_0000517,2,0.8,0.5
image_0000518,2,0.8,0.5
image_0000519,2,0.8,0.5
image_0000520,2,0.8,0.5
image_0000521,2,0.8,0.5
image_0000522,2,0.8,0.5
image_0000523,2,0.8,0.5
image_0000524,2,0.8,0.5
image_0000525,2,0.8,0.5
image_0000526,2,0.8,0.4
image_0000527,2,0.8,0.5
image_0000528,2,0.8,0.5
image_0000529,2,0.8,0.5
image_0000530,2,0.8,0.5
image_0000531,2,0.8,0.5
image_0000532,2,0.8,0.5
image_0000533,2,0.8,0.5
image_0000534,2,0.8,0.5
image_0000535,2,0.8,0.5
image_0000536,2,0.8,0.5
image_0000537,2,0.8,0.5
image_0000538,2,0.8,0.5
image_0000539,2,0.8,0.5
image_0000540,2,0.8,0.5
image_0000541,2,0.8,0.4
image_0000542,2,0.8,0.4
image_0000543,2,0.8,0.5
image_0000544,2,0.8,0.5
image_0000545,2,0.8,0.5
image_0000546,2,0.8,0.5
image_0000547,2,0.8,0.5
image_0000548,2,0.8,0.5
image_0000549,2,0.8,0.5
image_0000550,2,0.8,0.4
image_0000551,2,0.8,0.5
image_0000552,2,0.8,0.5
image_0000553,2,0.8,0.4
image_0000554,2,0.8,0.4
image_0000555,2,0.8,0.4
image_0000556,2,0.8,0.5
image_0000557,2,0.8,0.5
image_0000558,2,0.8,0.4
image_0000559,2,0.8,0.4
image_0000560,2,0.8,0.5
image_0000561,2,0.8,0.5
image_0000562,2,0.8,0.4
image_0000563,2,0.8,0.4
image_0000564,2,0.8,0.5
image_0000565,2,0.8,0.4
image_0000566,2,0.8,0.5
image_0000567,2,0.8,0.5
image_0000568,2,0.8,0.4
image_0000569,2,0.8,0.4
image_0000570,2,0.8,0.4
image_0000571,2,0.8,0.5
image_0000572,2,0.8,0.4
image_0000573,2,0.8,0.5
image_0000574,2,0.8,0.4
image_0000575,2,0.8,0.5
image_0000576,2,0.8,0.4
image_0000577,2,0.8,0.4
image_0000578,2,0.8,0
image_0000579,2,0.8,0
image_0000580,2,0.8,0
image_0000581,2,0.8,0.5
image_0000582,2,0.8,0.5
image_0000583,2,0.8,0
image_0000584,2,0.8,0
image_0000585,2,0.8,0
image_0000586,2,0.8,0
image_0000587,2,0.8,0
image_0000588,2,0.8,0
image_0000589,2,0.8,0
image_0000590,2,0.8,0
image_0000591,2,0.8,0
image_0000592,2,0.8,0
image_0000593,2,0.8,0
image_0000594,2,0.8,0
image_0000595,2,0.8,0
image_0000596,2,0.8,0
image_0000597,2,0.8,0
image_0000598,2,0.8,0
image_0000599,2,0.8,0
image_0000600,2,0.8,0
image_0000601,2,0.8,0
image_0000602,2,0.8,0
image_0000603,2,0.8,0
image_0000604,2,0.8,0.1
image_0000605,2,0.8,0.1
image_0000606,2,0.8,0.4
image_0000607,2,0.8,0.4
image_0000608,2,0.8,0.4
image_0000609,2,0.8,0.4
image_0000610,2,0.8,0.5
image_0000611,2,0.8,0.4
image_0000612,2,0.8,0.5
image_0000613,2,0.8,0.4
image_0000614,2,0.8,0.5
image_0000615,2,0.8,0.5
image_0000616,2,0.8,0.5
image_0000617,2,0.8,0.4
image_0000618,2,0.8,0.4
image_0000619,2,0.8,0.4
image_0000620,2,0.8,0.4
image_0000621,2,0.8,0.4
image_0000622,2,0.8,0.5
image_0000623,2,0.8,0.5
image_0000624,2,0.8,0.4
image_0000625,2,0.8,0.5
image_0000626,2,0.8,0.4
image_0000627,2,0.8,0.4
image_0000628,2,0.8,0.5
image_0000629,2,0.8,0.4
image_0000630,2,0.8,0.4
image_0000631,2,0.8,0.5
image_0000632,2,0.8,0.4
image_0000633,2,0.8,0.4
image_0000634,2,0.8,0.4
image_0000635,2,0.8,0.4
image_0000636,2,0.8,0.4
image_0000637,2,0.8,0.4
image_0000638,2,0.8,0.5
image_0000639,2,0.8,0.4
image_0000640,2,0.8,0.4
image_0000641,2,0.8,0.4
image_0000642,2,0.8,0.5
image_0000643,2,0.8,0.4
image_0000644,2,0.8,0.5
image_0000645,2,0.8,0.5
image_0000646,2,0.8,0.5
image_0000647,2,0.8,0
image_0000648,2,0.8,0.5
image_0000649,2,0.8,0
image_0000650,2,0.8,0
image_0000651,2,0.8,0
image_0000652,2,0.8,0
image_0000653,2,0.8,0
image_0000654,2,0.8,0
image_0000655,2,0.8,0
image_0000656,2,0.8,0
image_0000657,2,0.8,0
image_0000658,2,0.8,0
image_0000659,2,0.8,0
image_0000660,2,0.8,0
image_0000661,2,0.8,0
image_0000662,2,0.8,0
image_0000663,2,0.8,0
image_0000664,2,0.8,0
image_0000665,2,0.8,0
image_0000666,2,0.8,0
image_0000667,2,0.8,0
image_0000668,2,0.8,0
image_0000669,2,0.8,0.1
image_0000670,2,0.8,0.1
image_0000671,2,0.8,0.1
image_0000672,2,0.8,0.4
image_0000673,2,0.8,0.5
image_0000674,2,0.8,0.4
image_0000675,2,0.8,0.5
image_0000676,2,0.8,0.5
image_0000677,2,0.8,0.4
image_0000678,2,0.8,0.4
image_0000679,2,0.8,0.4
image_0000680,2,0.8,0.4
image_0000681,2,0.8,0.4
image_0000682,2,0.8,0.5
image_0000683,2,0.8,0.5
image_0000684,2,0.8,0.5
image_0000685,2,0.8,0.5
image_0000686,2,0.8,0.5
image_0000687,2,0.8,0.5
image_0000688,2,0.8,0.6
image_0000689,2,0.8,0.5
image_0000690,2,0.8,0.5
image_0000691,2,0.8,0.4
image_0000692,2,0.8,0.5
image_0000693,2,0.8,0.4
image_0000694,2,0.8,0.4
image_0000695,2,0.8,0.4
image_0000696,2,0.8,0.5
image_0000697,2,0.8,0.5
image_0000698,2,0.8,0.5
image_0000699,2,0.8,0.5
image_0000700,2,0.8,0.5
image_0000701,2,0.8,0.5
image_0000702,2,0.8,0.4
image_0000703,2,0.8,0.5
image_0000704,2,0.8,0.5
image_0000705,2,0.8,0.5
image_0000706,2,0.8,0.5
image_0000707,2,0.8,0.5
image_0000708,2,0.8,0.5
image_0000709,2,0.8,0.5
image_0000710,2,0.8,0.5
image_0000711,2,0.8,0.5
image_0000712,2,0.8,0.5
image_0000713,2,0.8,0.5
image_0000714,2,0.8,0.5
image_0000715,2,0.8,0.5
image_0000716,2,0.8,0.5
image_0000717,2,0.8,0.5
image_0000718,2,0.8,0.5
image_0000719,2,0.8,0.5
image_0000720,2,0.8,0.5
image_0000721,2,0.8,0.5
image_0000722,2,0.8,0.5
image_0000723,2,0.8,0.5
image_0000724,2,0.8,0.4
image_0000725,2,0.8,0.5
image_0000726,2,0.8,0.5
image_0000727,2,0.8,0.5
image_0000728,2,0.8,0.5
image_0000729,2,0.8,0.5
image_0000730,2,0.8,0.5
image_0000731,2,0.8,0.5
image_0000732,2,0.8,0.5
image_0000733,2,0.8,0.5
image_0000734,2,0.8,0.4
image_0000735,2,0.8,0.4
image_0000736,2,0.8,0.4
image_0000737,2,0.8,0.5
image_0000738,2,0.8,0.5
image_0000739,2,0.8,0.5
image_0000740,2,0.8,0.5
image_0000741,2,0.8,0.4
image_0000742,2,0.8,0.4
image_0000743,2,0.8,0.4
image_0000744,2,0.8,0.4
image_0000745,2,0.8,0.4
image_0000746,2,0.8,0.4
image_0000747,2,0.8,0.5
image_0000748,2,0.8,0.5
image_0000749,2,0.8,0.5
image_0000750,2,0.8,0.5
image_0000751,2,0.8,0.5
image_0000752,2,0.8,0.5
image_0000753,2,0.8,0.5
image_0000754,2,0.8,0.4
image_0000755,2,0.8,0.5
image_0000756,2,0.8,0.5
image_0000757,2,0.8,0.5
image_0000758,2,0.8,0.5
image_0000759,2,0.8,0.5
image_0000760,2,0.8,0
image_0000761,2,0.8,0
image_0000762,2,0.8,0
image_0000763,2,0.8,0
image_0000764,2,0.8,0
image_0000765,2,0.8,0
image_0000766,2,0.8,0
image_0000767,2,0.8,0
image_0000768,2,0.8,0
image_0000769,2,0.8,0
image_0000770,2,0.8,0
image_0000771,2,0.8,0
image_0000772,2,0.8,0
image_0000773,2,0.8,0
image_0000774,2,0.8,0
image_0000775,2,0.8,0
image_0000776,2,0.8,0
image_0000777,2,0.8,0
image_0000778,2,0.8,0
image_0000779,2,0.8,0
image_0000780,2,0.8,0
image_0000781,2,0.8,0
image_0000782,2,0.8,0
image_0000783,2,0.8,0
image_0000784,2,0.8,0
image_0000785,2,0.8,0.1
image_0000786,2,0.8,0.1
image_0000787,2,0.8,0.4
image_0000788,2,0.8,0.4
image_0000789,2,0.8,0.5
image_0000790,2,0.8,0.4
image_0000791,2,0.8,0.4
image_0000792,2,0.8,0.4
image_0000793,2,0.8,0.5
image_0000794,2,0.8,0.4
image_0000795,2,0.8,0.4
image_0000796,2,0.8,0.5
image_0000797,2,0.8,0.4
image_0000798,2,0.8,0.5
image_0000799,2,0.8,0.5
image_0000800,2,0.8,0.4
image_0000801,2,0.8,0.5
image_0000802,2,0.8,0.4
image_0000803,2,0.8,0.4
image_0000804,2,0.8,0.5
image_0000805,2,0.8,0.4
image_0000806,2,0.8,0.4
image_0000807,2,0.8,0.5
image_0000808,2,0.8,0.4
image_0000809,2,0.8,0.4
image_0000810,2,0.8,0.5
image_0000811,2,0.8,0.4
image_0000812,2,0.8,0.4
image_0000813,2,0.8,0.5
image_0000814,2,0.8,0.5
image_0000815,2,0.8,0.5
image_0000816,2,0.8,0.5
image_0000817,2,0.8,0.5
image_0000818,2,0.8,0.5
image_0000819,2,0.8,0.4
image_0000820,2,0.8,0.5
image_0000821,2,0.8,0.4
image_0000822,2,0.8,0.5
image_0000823,2,0.8,0.4
image_0000824,2,0.8,0.5
image_0000825,2,0.8,0.4
image_0000826,2,0.8,0.5
image_0000827,2,0.8,0.5
image_0000828,2,0.8,0
image_0000829,2,0.8,0
image_0000830,2,0.8,0
image_0000831,2,0.8,0
image_0000832,2,0.8,0
image_0000833,2,0.8,0
image_0000834,2,0.8,0
image_0000835,2,0.8,0
image_0000836,2,0.8,0
image_0000837,2,0.8,0
image_0000838,2,0.8,0
image_0000839,2,0.8,0
image_0000840,2,0.8,0
image_0000841,2,0.8,0
image_0000842,2,0.8,0
image_0000843,2,0.8,0
image_0000844,2,0.8,0
image_0000845,2,0.8,0
image_0000846,2,0.8,0
image_0000847,2,0.8,0
image_0000848,2,0.8,0
image_0000849,2,0.8,0
image_0000850,2,0.8,0.1
image_0000851,2,0.8,0.1
image_0000852,2,0.8,0.5
image_0000853,2,0.8,0.5
image_0000854,2,0.8,0.4
image_0000855,2,0.8,0.4
image_0000856,2,0.8,0.4
image_0000857,2,0.8,0.4
image_0000858,2,0.8,0.4
image_0000859,2,0.8,0.5
image_0000860,2,0.8,0.5
image_0000861,2,0.8,0.4
image_0000862,2,0.8,0.5
image_0000863,2,0.8,0.4
image_0000864,2,0.8,0.4
image_0000865,2,0.8,0.4
image_0000866,2,0.8,0.4
image_0000867,2,0.8,0.5
image_0000868,2,0.8,0.5
image_0000869,2,0.8,0.5
image_0000870,2,0.8,0.4
image_0000871,2,0.8,0.4
image_0000872,2,0.8,0.5
image_0000873,2,0.8,0.5
image_0000874,2,0.8,0.4
image_0000875,2,0.8,0.5
image_0000876,2,0.8,0.4
image_0000877,2,0.8,0.5
image_0000878,2,0.8,0.5
image_0000879,2,0.8,0.5
image_0000880,2,0.8,0.5
image_0000881,2,0.8,0.4
image_0000882,2,0.8,0.5
image_0000883,2,0.8,0.5
image_0000884,2,0.8,0.5
image_0000885,2,0.8,0.5
image_0000886,2,0.8,0.5
image_0000887,2,0.8,0.4
image_0000888,2,0.8,0.5
image_0000889,2,0.8,0.5
image_0000890,2,0.8,0.4
image_0000891,2,0.8,0.5
image_0000892,2,0.8,0.4
image_0000893,2,0.8,0.5
image_0000894,2,0.8,0.5
image_0000895,2,0.8,0.5
image_0000896,2,0.8,0.5
image_0000897,2,0.8,0.5
image_0000898,2,0.8,0.5
image_0000899,2,0.8,0.5
image_0000900,2,0.8,0.5
image_0000901,2,0.8,0.5
image_0000902,2,0.8,0.5
image_0000903,2,0.8,0.5
image_0000904,2,0.8,0.5
image_0000905,2,0.8,0.5
image_0000906,2,0.8,0.5
image_0000907,2,0.8,0.5
image_0000908,2,0.8,0.5
image_0000909,2,0.8,0.5
image_0000910,2,0.8,0.5
image_0000911,2,0.8,0.5
image_0000912,2,0.8,0.5
image_0000913,2,0.8,0.5
image_0000914,2,0.8,0.5
image_0000915,2,0.8,0.5
image_0000916,2,0.8,0.4
image_0000917,2,0.8,0.4
image_0000918,2,0.8,0.5
image_0000919,2,0.8,0.5
image_0000920,2,0.8,0.4
image_0000921,2,0.8,0.4
image_0000922,2,0.8,0.5
image_0000923,2,0.8,0.4
image_0000924,2,0.8,0.5
image_0000925,2,0.8,0.5
image_0000926,2,0.8,0.4
image_0000927,2,0.8,0.5
image_0000928,2,0.8,0.4
image_0000929,2,0.8,0.5
image_0000930,2,0.8,0.4
image_0000931,2,0.8,0.5
image_0000932,2,0.8,0.5
image_0000933,2,0.8,0.5
image_0000934,2,0.8,0.5
image_0000935,2,0.8,0.5
image_0000936,2,0.8,0.4
image_0000937,2,0.8,0.5
image_0000938,2,0.8,0.4
image_0000939,2,0.8,0.5
image_0000940,2,0.8,0
image_0000941,2,0.8,0
image_0000942,2,0.8,0
image_0000943,2,0.8,0
image_0000944,2,0.8,0.5
image_0000945,2,0.8,0
image_0000946,2,0.8,0
image_0000947,2,0.8,0
image_0000948,2,0.8,0
image_0000949,2,0.8,0
image_0000950,2,0.8,0
image_0000951,2,0.8,0
image_0000952,2,0.8,0
image_0000953,2,0.8,0
image_0000954,2,0.8,0
image_0000955,2,0.8,0
image_0000956,2,0.8,0
image_0000957,2,0.8,0
image_0000958,2,0.8,0.5
image_0000959,2,0.8,0.5
image_0000960,2,0.8,0.4
image_0000961,2,0.8,0.4
image_0000962,2,0.8,0.5
image_0000963,2,0.8,0.4
image_0000964,2,0.8,0.5
image_0000965,2,0.8,0.4
image_0000966,2,0.8,0.4
image_0000967,2,0.8,0.4
image_0000968,2,0.8,0.5
image_0000969,2,0.8,0.5
image_0000970,2,0.8,0.4
image_0000971,2,0.8,0.4
image_0000972,2,0.8,0.5
image_0000973,2,0.8,0.4
image_0000974,2,0.8,0.4
image_0000975,2,0.8,0.4
image_0000976,2,0.8,0.5
image_0000977,2,0.8,0.4
image_0000978,2,0.8,0.5
image_0000979,2,0.8,0.5
image_0000980,2,0.8,0.5
image_0000981,2,0.8,0.4
image_0000982,2,0.8,0.5
image_0000983,2,0.8,0.5
image_0000984,2,0.8,0.5
image_0000985,2,0.8,0.5
image_0000986,2,0.8,0.5
image_0000987,2,0.8,0.4
image_0000988,2,0.8,0.4
image_0000989,2,0.8,0.5
image_0000990,2,0.8,0.5
image_0000991,2,0.8,0.4
image_0000992,2,0.8,0.4
image_0000993,2,0.8,0.5
image_0000994,2,0.8,0.5
image_0000995,2,0.8,0.5
image_0000996,2,0.8,0.5
image_0000997,2,0.8,0.5
image_0000998,2,0.8,0.5
image_0000999,2,0.8,0.5
image_0001000,2,0.8,0.4
image_0001001,2,0.8,0.4
image_0001002,2,0.8,0.5
image_0001003,2,0.8,0.5
image_0001004,2,0.8,0
image_0001005,2,0.8,0
image_0001006,2,0.8,0
image_0001007,2,0.8,0
image_0001008,2,0.8,0
image_0001009,2,0.8,0
image_0001010,2,0.8,0
image_0001011,2,0.8,0
image_0001012,2,0.8,0
image_0001013,2,0.8,0
image_0001014,2,0.8,0
image_0001015,2,0.8,0
image_0001016,2,0.8,0
image_0001017,2,0.8,0
image_0001018,2,0.8,0
image_0001019,2,0.8,0
image_0001020,2,0.8,0
image_0001021,2,0.8,0
image_0001022,2,0.8,0
image_0001023,2,0.8,0
image_0001024,2,0.8,0
image_0001025,2,0.8,0
image_0001026,2,0.8,0
image_0001027,2,0.8,0.1
image_0001028,2,0.8,0.1
image_0001029,2,0.8,0.4
image_0001030,2,0.8,0.5
image_0001031,2,0.8,0.4
image_0001032,2,0.8,0.4
image_0001033,2,0.8,0.4
image_0001034,2,0.8,0.5
image_0001035,2,0.8,0.4
image_0001036,2,0.8,0.4
image_0001037,2,0.8,0.4
image_0001038,2,0.8,0.4
image_0001039,2,0.8,0.4
image_0001040,2,0.8,0.5
image_0001041,2,0.8,0.5
image_0001042,2,0.8,0.4
image_0001043,2,0.8,0.5
image_0001044,2,0.8,0.4
image_0001045,2,0.8,0.5
image_0001046,2,0.8,0.5
image_0001047,2,0.8,0.5
image_0001048,2,0.8,0.4
image_0001049,2,0.8,0.5
image_0001050,2,0.8,0.4
image_0001051,2,0.8,0.4
image_0001052,2,0.8,0.4
image_0001053,2,0.8,0.5
image_0001054,2,0.8,0.4
image_0001055,2,0.8,0.5
image_0001056,2,0.8,0.4
image_0001057,2,0.8,0.5
image_0001058,2,0.8,0.4
image_0001059,2,0.8,0.4
image_0001060,2,0.8,0.4
image_0001061,2,0.8,0.4
image_0001062,2,0.8,0.4
image_0001063,2,0.8,0.5
image_0001064,2,0.8,0.4
image_0001065,2,0.8,0.5
image_0001066,2,0.8,0.5
image_0001067,2,0.8,0.5
image_0001068,2,0.8,0.5
image_0001069,2,0.8,0.4
image_0001070,2,0.8,0.5
image_0001071,2,0.8,0
image_0001072,2,0.8,0
image_0001073,2,0.8,0
image_0001074,2,0.8,0
image_0001075,2,0.8,0
image_0001076,2,0.8,0
image_0001077,2,0.8,0
image_0001078,2,0.8,0
image_0001079,2,0.8,0
image_0001080,2,0.8,0
image_0001081,2,0.8,0
image_0001082,2,0.8,0
image_0001083,2,0.8,0
image_0001084,2,0.8,0
image_0001085,2,0.8,0
image_0001086,2,0.8,0
image_0001087,2,0.8,0
image_0001088,2,0.8,0
image_0001089,2,0.8,0
image_0001090,2,0.8,0
image_0001091,2,0.8,0
image_0001092,2,0.8,0
image_0001093,2,0.8,0
image_0001094,2,0.8,0.1
image_0001095,2,0.8,0.1
image_0001096,2,0.8,0.5
image_0001097,2,0.8,0.4
image_0001098,2,0.8,0.4
image_0001099,2,0.8,0.4
image_0001100,2,0.8,0.4
image_0001101,2,0.8,0.4
image_0001102,2,0.8,0.4
image_0001103,2,0.8,0.5
image_0001104,2,0.8,0.4
image_0001105,2,0.8,0.5
image_0001106,2,0.8,0.4
image_0001107,2,0.8,0.5
image_0001108,2,0.8,0.5
image_0001109,2,0.8,0.5
image_0001110,2,0.8,0.5
image_0001111,2,0.8,0.5
image_0001112,2,0.8,0.4
image_0001113,2,0.8,0.4
image_0001114,2,0.8,0.5
image_0001115,2,0.8,0.5
image_0001116,2,0.8,0.5
image_0001117,2,0.8,0.5
image_0001118,2,0.8,0.4
image_0001119,2,0.8,0.5
image_0001120,2,0.8,0.5
image_0001121,2,0.8,0.5
image_0001122,2,0.8,0.5
image_0001123,2,0.8,0.5
image_0001124,2,0.8,0.5
image_0001125,2,0.8,0.5
image_0001126,2,0.8,0.4
image_0001127,2,0.8,0.5
image_0001128,2,0.8,0.5
image_0001129,2,0.8,0.5
image_0001130,2,0.8,0.5
image_0001131,2,0.8,0.5
image_0001132,2,0.8,0.5
image_0001133,2,0.8,0.5
image_0001134,2,0.8,0.4
image_0001135,2,0.8,0.5
image_0001136,2,0.8,0.5
image_0001137,2,0.8,0.5
image_0001138,2,0.8,0.4
image_0001139,2,0.8,0.5
image_0001140,2,0.8,0.5
image_0001141,2,0.8,0.5
image_0001142,2,0.8,0.5
image_0001143,2,0.8,0.5
image_0001144,2,0.8,0.5
image_0001145,2,0.8,0.5
image_0001146,2,0.8,0.5
image_0001147,2,0.8,0.5
image_0001148,2,0.8,0.5
image_0001149,2,0.8,0.5
image_0001150,2,0.8,0.5
image_0001151,2,0.8,0.5
image_0001152,2,0.8,0.5
image_0001153,2,0.8,0.5
image_0001154,2,0.8,0.4
image_0001155,2,0.8,0.5
image_0001156,2,0.8,0.4
image_0001157,2,0.8,0.5
image_0001158,2,0.8,0.5
image_0001159,2,0.8,0.5
image_0001160,2,0.8,0.4
image_0001161,2,0.8,0.4
image_0001162,2,0.8,0.4
image_0001163,2,0.8,0.5
image_0001164,2,0.8,0.5
image_0001165,2,0.8,0.5
image_0001166,2,0.8,0.4
image_0001167,2,0.8,0.5
image_0001168,2,0.8,0.4
image_0001169,2,0.8,0.4
image_0001170,2,0.8,0.5
image_0001171,2,0.8,0.4
image_0001172,2,0.8,0.5
image_0001173,2,0.8,0.5
image_0001174,2,0.8,0.5
image_0001175,2,0.8,0.4
image_0001176,2,0.8,0.5
image_0001177,2,0.8,0.5
image_0001178,2,0.8,0.5
image_0001179,2,0.8,0.5
image_0001180,2,0.8,0.4
image_0001181,2,0.8,0.5
image_0001182,2,0.8,0.5
image_0001183,2,0.8,0.5
image_0001184,2,0.8,0
image_0001185,2,0.8,0
image_0001186,2,0.8,0
image_0001187,2,0.8,0.5
image_0001188,2,0.8,0
image_0001189,2,0.8,0
image_0001190,2,0.8,0
image_0001191,2,0.8,0
image_0001192,2,0.8,0
image_0001193,2,0.8,0
image_0001194,2,0.8,0
image_0001195,2,0.8,0
image_0001196,2,0.8,0
image_0001197,2,0.8,0
image_0001198,2,0.8,0
image_0001199,2,0.8,0
image_0001200,2,0.8,0
image_0001201,2,0.8,0
image_0001202,2,0.8,0
image_0001203,2,0.8,0
image_0001204,2,0.8,0
image_0001205,2,0.8,0
image_0001206,2,0.8,0
image_0001207,2,0.8,0
image_0001208,2,0.8,0
image_0001209,2,0.8,0.1
image_0001210,2,0.8,0.1
image_0001211,2,0.8,0.4
image_0001212,2,0.8,0.4
image_0001213,2,0.8,0.5
image_0001214,2,0.8,0.4
image_0001215,2,0.8,0.5
image_0001216,2,0.8,0.5
image_0001217,2,0.8,0.4
image_0001218,2,0.8,0.4
image_0001219,2,0.8,0.5
image_0001220,2,0.8,0.4
image_0001221,2,0.8,0.4
image_0001222,2,0.8,0.4
image_0001223,2,0.8,0.5
image_0001224,2,0.8,0.4
image_0001225,2,0.8,0.4
image_0001226,2,0.8,0.4
image_0001227,2,0.8,0.4
image_0001228,2,0.8,0.4
image_0001229,2,0.8,0.4
image_0001230,2,0.8,0.4
image_0001231,2,0.8,0.5
image_0001232,2,0.8,0.5
image_0001233,2,0.8,0.5
image_0001234,2,0.8,0.5
image_0001235,2,0.8,0.5
image_0001236,2,0.8,0.4
image_0001237,2,0.8,0.5
image_0001238,2,0.8,0.4
image_0001239,2,0.8,0.5
image_0001240,2,0.8,0.4
image_0001241,2,0.8,0.4
image_0001242,2,0.8,0.5
image_0001243,2,0.8,0.5
image_0001244,2,0.8,0.5
image_0001245,2,0.8,0.5
image_0001246,2,0.8,0.5
image_0001247,2,0.8,0.4
image_0001248,2,0.8,0.5
image_0001249,2,0.8,0.5
image_0001250,2,0.8,0.5
image_0001251,2,0.8,0.5
image_0001252,2,0.8,0
image_0001253,2,0.8,0
image_0001254,2,0.8,0
image_0001255,2,0.8,0
image_0001256,2,0.8,0
image_0001257,2,0.8,0
image_0001258,2,0.8,0
image_0001259,2,0.8,0
image_0001260,2,0.8,0
image_0001261,2,0.8,0
image_0001262,2,0.8,0
image_0001263,2,0.8,0
image_0001264,2,0.8,0
image_0001265,2,0.8,0
image_0001266,2,0.8,0
image_0001267,2,0.8,0
image_0001268,2,0.8,0
image_0001269,2,0.8,0
image_0001270,2,0.8,0
image_0001271,2,0.8,0
image_0001272,2,0.8,0
image_0001273,2,0.8,0
image_0001274,2,0.8,0
image_0001275,2,0.8,0.1
image_0001276,2,0.8,0.1
image_0001277,2,0.8,0.4
image_0001278,2,0.8,0.4
image_0001279,2,0.8,0.4
image_0001280,2,0.8,0.5
image_0001281,2,0.8,0.4
image_0001282,2,0.8,0.4
image_0001283,2,0.8,0.4
image_0001284,2,0.8,0.4
image_0001285,2,0.8,0.4
image_0001286,2,0.8,0.4
image_0001287,2,0.8,0.4
image_0001288,2,0.8,0.5
image_0001289,2,0.8,0.4
image_0001290,2,0.8,0.4
image_0001291,2,0.8,0.5
image_0001292,2,0.8,0.5
image_0001293,2,0.8,0.5
image_0001294,2,0.8,0.4
image_0001295,2,0.8,0.5
image_0001296,2,0.8,0.5
image_0001297,2,0.8,0.5
image_0001298,2,0.8,0.5
image_0001299,2,0.8,0.5
image_0001300,2,0.8,0.5
image_0001301,2,0.8,0.5
image_0001302,2,0.8,0.5
image_0001303,2,0.8,0.5
image_0001304,2,0.8,0.5
image_0001305,2,0.8,0.4
image_0001306,2,0.8,0.5
image_0001307,2,0.8,0.5
image_0001308,2,0.8,0.4
image_0001309,2,0.8,0.5
image_0001310,2,0.8,0.5
image_0001311,2,0.8,0.5
image_0001312,2,0.8,0.5
image_0001313,2,0.8,0.5
image_0001314,2,0.8,0.5
image_0001315,2,0.8,0.5
image_0001316,2,0.8,0.5
image_0001317,2,0.8,0.5
image_0001318,2,0.8,0.5
image_0001319,2,0.8,0.4
image_0001320,2,0.8,0.5
image_0001321,2,0.8,0.5
image_0001322,2,0.8,0.5
image_0001323,2,0.8,0.5
image_0001324,2,0.8,0.5
image_0001325,2,0.8,0.5
image_0001326,2,0.8,0.5
image_0001327,2,0.8,0.5
image_0001328,2,0.8,0.5
image_0001329,2,0.8,0.5
image_0001330,2,0.8,0.5
image_0001331,2,0.8,0.4
image_0001332,2,0.8,0.5
image_0001333,2,0.8,0.5
image_0001334,2,0.8,0.5
image_0001335,2,0.8,0.5
image_0001336,2,0.8,0.5
image_0001337,2,0.8,0.5
image_0001338,2,0.8,0.4
image_0001339,2,0.8,0.4
image_0001340,2,0.8,0.5
image_0001341,2,0.8,0.5
image_0001342,2,0.8,0.5
image_0001343,2,0.8,0.5
image_0001344,2,0.8,0.5
image_0001345,2,0.8,0.5
image_0001346,2,0.8,0.5
image_0001347,2,0.8,0.4
image_0001348,2,0.8,0.5
image_0001349,2,0.8,0.5
image_0001350,2,0.8,0.4
image_0001351,2,0.8,0.5
image_0001352,2,0.8,0.4
image_0001353,2,0.8,0.4
image_0001354,2,0.8,0.4
image_0001355,2,0.8,0.5
image_0001356,2,0.8,0.4
image_0001357,2,0.8,0.4
image_0001358,2,0.8,0.5
image_0001359,2,0.8,0.5
image_0001360,2,0.8,0.4
image_0001361,2,0.8,0.5
image_0001362,2,0.8,0.4
image_0001363,2,0.8,0.4
image_0001364,2,0.8,0.5
image_0001365,2,0.8,0.5
image_0001366,2,0.8,0.5
image_0001367,2,0.8,0
image_0001368,2,0.8,0
image_0001369,2,0.8,0
image_0001370,2,0.8,0.5
image_0001371,2,0.8,0.5
image_0001372,2,0.8,0
image_0001373,2,0.8,0
image_0001374,2,0.8,0
image_0001375,2,0.8,0
image_0001376,2,0.8,0
image_0001377,2,0.8,0
image_0001378,2,0.8,0
image_0001379,2,0.8,0
image_0001380,2,0.8,0
image_0001381,2,0.8,0
image_0001382,2,0.8,0
image_0001383,2,0.8,0
image_0001384,2,0.8,0
image_0001385,2,0.8,0
image_0001386,2,0.8,0
image_0001387,2,0.8,0
image_0001388,2,0.8,0
image_0001389,2,0.8,0
image_0001390,2,0.8,0
image_0001391,2,0.8,0
image_0001392,2,0.8,0
image_0001393,2,0.8,0
image_0001394,2,0.8,0.1
image_0001395,2,0.8,0.5
image_0001396,2,0.8,0.4
image_0001397,2,0.8,0.5
image_0001398,2,0.8,0.5
image_0001399,2,0.8,0.4
image_0001400,2,0.8,0.5
image_0001401,2,0.8,0.5
image_0001402,2,0.8,0.5
image_0001403,2,0.8,0.4
image_0001404,2,0.8,0.4
image_0001405,2,0.8,0.4
image_0001406,2,0.8,0.5
image_0001407,2,0.8,0.4
image_0001408,2,0.8,0.5
image_0001409,2,0.8,0.4
image_0001410,2,0.8,0.4
image_0001411,2,0.8,0.5
image_0001412,2,0.8,0.5
image_0001413,2,0.8,0.5
image_0001414,2,0.8,0.5
image_0001415,2,0.8,0.4
image_0001416,2,0.8,0.5
image_0001417,2,0.8,0.4
image_0001418,2,0.8,0.4
image_0001419,2,0.8,0.4
image_0001420,2,0.8,0.4
image_0001421,2,0.8,0.5
image_0001422,2,0.8,0.4
image_0001423,2,0.8,0.5
image_0001424,2,0.8,0.5
image_0001425,2,0.8,0.5
image_0001426,2,0.8,0.4
image_0001427,2,0.8,0.5
image_0001428,2,0.8,0.5
image_0001429,2,0.8,0.5
image_0001430,2,0.8,0.4
image_0001431,2,0.8,0.5
image_0001432,2,0.8,0.5
image_0001433,2,0.8,0.4
image_0001434,2,0.8,0.5
image_0001435,2,0.8,0.5
image_0001436,2,0.8,0
image_0001437,2,0.8,0
image_0001438,2,0.8,0
image_0001439,2,0.8,0
image_0001440,2,0.8,0
image_0001441,2,0.8,0
image_0001442,2,0.8,0
image_0001443,2,0.8,0
image_0001444,2,0.8,0
image_0001445,2,0.8,0
image_0001446,2,0.8,0
image_0001447,2,0.8,0
image_0001448,2,0.8,0
image_0001449,2,0.8,0
image_0001450,2,0.8,0
image_0001451,2,0.8,0
image_0001452,2,0.8,0
image_0001453,2,0.8,0
image_0001454,2,0.8,0
image_0001455,2,0.8,0
image_0001456,2,0.8,0
image_0001457,2,0.8,0
image_0001458,2,0.8,0
image_0001459,2,0.8,0.1
image_0001460,2,0.8,0.1
image_0001461,2,0.8,0.5
image_0001462,2,0.8,0.4
image_0001463,2,0.8,0.4
image_0001464,2,0.8,0.5
image_0001465,2,0.8,0.4
image_0001466,2,0.8,0.5
image_0001467,2,0.8,0.4
image_0001468,2,0.8,0.4
image_0001469,2,0.8,0.5
image_0001470,2,0.8,0.5
image_0001471,2,0.8,0.4
image_0001472,2,0.8,0.5
image_0001473,2,0.8,0.5
image_0001474,2,0.8,0.5
image_0001475,2,0.8,0.5
image_0001476,2,0.8,0.5
image_0001477,2,0.8,0.5
image_0001478,2,0.8,0.4
image_0001479,2,0.8,0.4
image_0001480,2,0.8,0.5
image_0001481,2,0.8,0.4
image_0001482,2,0.8,0.5
image_0001483,2,0.8,0.5
image_0001484,2,0.8,0.4
image_0001485,2,0.8,0.5
image_0001486,2,0.8,0.5
image_0001487,2,0.8,0.5
image_0001488,2,0.8,0.5
image_0001489,2,0.8,0.5
image_0001490,2,0.8,0.5
image_0001491,2,0.8,0.5
image_0001492,2,0.8,0.5
image_0001493,2,0.8,0.5
image_0001494,2,0.8,0.5
image_0001495,2,0.8,0.5
image_0001496,2,0.8,0.5
image_0001497,2,0.8,0.5
image_0001498,2,0.8,0.5
image_0001499,2,0.8,0.5
image_0001500,2,0.8,0.5
image_0001501,2,0.8,0.5
image_0001502,2,0.8,0.5
image_0001503,2,0.8,0.5
image_0001504,2,0.8,0.5
image_0001505,2,0.8,0.5
image_0001506,2,0.8,0.5
image_0001507,2,0.8,0.5
image_0001508,2,0.8,0.5
image_0001509,2,0.8,0.5
image_0001510,2,0.8,0.5
image_0001511,2,0.8,0.5
image_0001512,2,0.8,0.5
image_0001513,2,0.8,0.5
image_0001514,2,0.8,0.4
image_0001515,2,0.8,0.5
image_0001516,2,0.8,0.5
image_0001517,2,0.8,0.5
image_0001518,2,0.8,0.5
image_0001519,2,0.8,0.5
image_0001520,2,0.8,0.5
image_0001521,2,0.8,0.5
image_0001522,2,0.8,0.5
image_0001523,2,0.8,0.5
image_0001524,2,0.8,0.5
image_0001525,2,0.8,0.4
image_0001526,2,0.8,0.4
image_0001527,2,0.8,0.4
image_0001528,2,0.8,0.4
image_0001529,2,0.8,0.5
image_0001530,2,0.8,0.5
image_0001531,2,0.8,0.4
image_0001532,2,0.8,0.5
image_0001533,2,0.8,0.5
image_0001534,2,0.8,0.4
image_0001535,2,0.8,0.5
image_0001536,2,0.8,0.5
image_0001537,2,0.8,0.5
image_0001538,2,0.8,0.5
image_0001539,2,0.8,0.4
image_0001540,2,0.8,0.5
image_0001541,2,0.8,0.5
image_0001542,2,0.8,0.4
image_0001543,2,0.8,0.4
image_0001544,2,0.8,0.5
image_0001545,2,0.8,0.4
image_0001546,2,0.8,0.5
image_0001547,2,0.8,0.5
image_0001548,2,0.8,0.5
image_0001549,2,0.8,0.5
image_0001550,2,0.8,0
image_0001551,2,0.8,0
image_0001552,2,0.8,0
image_0001553,2,0.8,0
image_0001554,2,0.8,0
image_0001555,2,0.8,0
image_0001556,2,0.8,0
image_0001557,2,0.8,0
image_0001558,2,0.8,0
image_0001559,2,0.8,0
image_0001560,2,0.8,0
image_0001561,2,0.8,0
image_0001562,2,0.8,0
image_0001563,2,0.8,0
image_0001564,2,0.8,0
image_0001565,2,0.8,0
image_0001566,2,0.8,0
image_0001567,2,0.8,0
image_0001568,2,0.8,0
image_0001569,2,0.8,0
image_0001570,2,0.8,0
image_0001571,2,0.8,0
image_0001572,2,0.8,0
image_0001573,2,0.8,0
image_0001574,2,0.8,0.1
image_0001575,2,0.8,0.5
image_0001576,2,0.8,0.4
image_0001577,2,0.8,0.4
image_0001578,2,0.8,0.4
image_0001579,2,0.8,0.4
image_0001580,2,0.8,0.4
image_0001581,2,0.8,0.5
image_0001582,2,0.8,0.4
image_0001583,2,0.8,0.5
image_0001584,2,0.8,0.5
image_0001585,2,0.8,0.4
image_0001586,2,0.8,0.4
image_0001587,2,0.8,0.4
image_0001588,2,0.8,0.4
image_0001589,2,0.8,0.4
image_0001590,2,0.8,0.5
image_0001591,2,0.8,0.5
image_0001592,2,0.8,0.5
image_0001593,2,0.8,0.5
image_0001594,2,0.8,0.5
image_0001595,2,0.8,0.4
image_0001596,2,0.8,0.5
image_0001597,2,0.8,0.5
image_0001598,2,0.8,0.5
image_0001599,2,0.8,0.4
image_0001600,2,0.8,0.5
image_0001601,2,0.8,0.4
image_0001602,2,0.8,0.4
image_0001603,2,0.8,0.5
image_0001604,2,0.8,0.5
image_0001605,2,0.8,0.4
image_0001606,2,0.8,0.4
image_0001607,2,0.8,0.5
image_0001608,2,0.8,0.5
image_0001609,2,0.8,0.5
image_0001610,2,0.8,0.5
image_0001611,2,0.8,0.4
image_0001612,2,0.8,0.4
image_0001613,2,0.8,0.5
image_0001614,2,0.8,0.4
image_0001615,2,0.8,0.5
image_0001616,2,0.8,0
image_0001617,2,0.8,0
image_0001618,2,0.8,0
image_0001619,2,0.8,0
image_0001620,2,0.8,0
image_0001621,2,0.8,0
image_0001622,2,0.8,0.5
image_0001623,2,0.8,0
image_0001624,2,0.8,0
image_0001625,2,0.8,0
image_0001626,2,0.8,0
image_0001627,2,0.8,0
image_0001628,2,0.8,0
image_0001629,2,0.8,0
image_0001630,2,0.8,0
image_0001631,2,0.8,0
image_0001632,2,0.8,0
image_0001633,2,0.8,0
image_0001634,2,0.8,0
image_0001635,2,0.8,0
image_0001636,2,0.8,0
image_0001637,2,0.8,0
image_0001638,2,0.8,0
image_0001639,2,0.8,0
image_0001640,2,0.8,0
image_0001641,2,0.8,0.1
image_0001642,2,0.8,0.4
image_0001643,2,0.8,0.5
image_0001644,2,0.8,0.4
image_0001645,2,0.8,0.4
image_0001646,2,0.8,0.4
image_0001647,2,0.8,0.5
image_0001648,2,0.8,0.4
image_0001649,2,0.8,0.5
image_0001650,2,0.8,0.5
image_0001651,2,0.8,0.5
image_0001652,2,0.8,0.5
image_0001653,2,0.8,0.5
image_0001654,2,0.8,0.4
image_0001655,2,0.8,0.5
image_0001656,2,0.8,0.5
image_0001657,2,0.8,0.4
image_0001658,2,0.8,0.5
image_0001659,2,0.8,0.4
image_0001660,2,0.8,0.5
image_0001661,2,0.8,0.4
image_0001662,2,0.8,0.5
image_0001663,2,0.8,0.5
image_0001664,2,0.8,0.5
image_0001665,2,0.8,0.4
image_0001666,2,0.8,0.5
image_0001667,2,0.8,0.5
image_0001668,2,0.8,0.5
image_0001669,2,0.8,0.5
image_0001670,2,0.8,0.5
image_0001671,2,0.8,0.5
image_0001672,2,0.8,0.5
image_0001673,2,0.8,0.5
image_0001674,2,0.8,0.5
image_0001675,2,0.8,0.5
image_0001676,2,0.8,0.5
image_0001677,2,0.8,0.5
image_0001678,2,0.8,0.5
image_0001679,2,0.8,0.5
image_0001680,2,0.8,0.5
image_0001681,2,0.8,0.5
image_0001682,2,0.8,0.4
image_0001683,2,0.8,0.5
image_0001684,2,0.8,0.5
image_0001685,2,0.8,0.5
image_0001686,2,0.8,0.5
image_0001687,2,0.8,0.5
image_0001688,2,0.8,0.5
image_0001689,2,0.8,0.5
image_0001690,2,0.8,0.5
image_0001691,2,0.8,0.5
image_0001692,2,0.8,0.5
image_0001693,2,0.8,0.5
image_0001694,2,0.8,0.5
image_0001695,2,0.8,0.5
image_0001696,2,0.8,0.5
image_0001697,2,0.8,0.5
image_0001698,2,0.8,0.5
image_0001699,2,0.8,0.5
image_0001700,2,0.8,0.5
image_0001701,2,0.8,0.5
image_0001702,2,0.8,0.5
image_0001703,2,0.8,0.5
image_0001704,2,0.8,0.5
image_0001705,2,0.8,0.4
image_0001706,2,0.8,0.4
image_0001707,2,0.8,0.4
image_0001708,2,0.8,0.4
image_0001709,2,0.8,0.4
image_0001710,2,0.8,0.5
image_0001711,2,0.8,0.4
image_0001712,2,0.8,0.4
image_0001713,2,0.8,0.4
image_0001714,2,0.8,0.4
image_0001715,2,0.8,0.4
image_0001716,2,0.8,0.4
image_0001717,2,0.8,0.4
image_0001718,2,0.8,0.5
image_0001719,2,0.8,0.5
image_0001720,2,0.8,0.5
image_0001721,2,0.8,0.5
image_0001722,2,0.8,0.4
image_0001723,2,0.8,0.5
image_0001724,2,0.8,0.4
image_0001725,2,0.8,0.4
image_0001726,2,0.8,0.5
image_0001727,2,0.8,0.5
image_0001728,2,0.8,0.5
image_0001729,2,0.8,0.4
image_0001730,2,0.8,0.4
image_0001731,2,0.8,0.4
image_0001732,2,0.8,0.5
image_0001733,2,0.8,0
image_0001734,2,0.8,0
image_0001735,2,0.8,0.5
image_0001736,2,0.8,0.5
image_0001737,2,0.8,0.5
image_0001738,2,0.8,0
image_0001739,2,0.8,0
image_0001740,2,0.8,0
image_0001741,2,0.8,0
image_0001742,2,0.8,0
image_0001743,2,0.8,0
image_0001744,2,0.8,0
image_0001745,2,0.8,0
image_0001746,2,0.8,0
image_0001747,2,0.8,0
image_0001748,2,0.8,0
image_0001749,2,0.8,0
image_0001750,2,0.8,0
image_0001751,2,0.8,0
image_0001752,2,0.8,0
image_0001753,2,0.8,0
image_0001754,2,0.8,0
image_0001755,2,0.8,0
image_0001756,2,0.8,0
image_0001757,2,0.8,0
image_0001758,2,0.8,0
image_0001759,2,0.8,0
image_0001760,2,0.8,0.1
image_0001761,2,0.8,0.4
image_0001762,2,0.8,0.5
image_0001763,2,0.8,0.5
image_0001764,2,0.8,0.4
image_0001765,2,0.8,0.5
image_0001766,2,0.8,0.4
image_0001767,2,0.8,0.5
image_0001768,2,0.8,0.4
image_0001769,2,0.8,0.5
image_0001770,2,0.8,0.4
image_0001771,2,0.8,0.4
image_0001772,2,0.8,0.4
image_0001773,2,0.8,0.4
image_0001774,2,0.8,0.5
image_0001775,2,0.8,0.4
image_0001776,2,0.8,0.5
image_0001777,2,0.8,0.4
image_0001778,2,0.8,0.4
image_0001779,2,0.8,0.4
image_0001780,2,0.8,0.5
image_0001781,2,0.8,0.4
image_0001782,2,0.8,0.5
image_0001783,2,0.8,0.5
image_0001784,2,0.8,0.4
image_0001785,2,0.8,0.5
image_0001786,2,0.8,0.4
image_0001787,2,0.8,0.4
image_0001788,2,0.8,0.5
image_0001789,2,0.8,0.4
image_0001790,2,0.8,0.5
image_0001791,2,0.8,0.5
image_0001792,2,0.8,0.5
image_0001793,2,0.8,0.5
image_0001794,2,0.8,0.4
image_0001795,2,0.8,0.4
image_0001796,2,0.8,0.4
image_0001797,2,0.8,0.5
image_0001798,2,0.8,0.5
image_0001799,2,0.8,0.5
image_0001800,2,0.8,0.5
image_0001801,2,0.8,0
image_0001802,2,0.8,0
image_0001803,2,0.8,0
image_0001804,2,0.8,0
image_0001805,2,0.8,0
image_0001806,2,0.8,0
image_0001807,2,0.8,0
image_0001808,2,0.8,0
image_0001809,2,0.8,0
image_0001810,2,0.8,0
image_0001811,2,0.8,0
image_0001812,2,0.8,0
image_0001813,2,0.8,0
image_0001814,2,0.8,0
image_0001815,2,0.8,0
image_0001816,2,0.8,0
image_0001817,2,0.8,0
image_0001818,2,0.8,0
image_0001819,2,0.8,0
image_0001820,2,0.8,0
image_0001821,2,0.8,0
image_0001822,2,0.8,0
image_0001823,2,0.8,0
image_0001824,2,0.8,0.1
image_0001825,2,0.8,0.1
image_0001826,2,0.8,0.4
image_0001827,2,0.8,0.4
image_0001828,2,0.8,0.4
image_0001829,2,0.8,0.5
image_0001830,2,0.8,0.5
image_0001831,2,0.8,0.4
image_0001832,2,0.8,0.5
image_0001833,2,0.8,0.4
image_0001834,2,0.8,0.5
image_0001835,2,0.8,0.4
image_0001836,2,0.8,0.5
image_0001837,2,0.8,0.4
image_0001838,2,0.8,0.5
image_0001839,2,0.8,0.5
image_0001840,2,0.8,0.5
image_0001841,2,0.8,0.5
image_0001842,2,0.8,0.5
image_0001843,2,0.8,0.5
image_0001844,2,0.8,0.5
image_0001845,2,0.8,0.5
image_0001846,2,0.8,0.5
image_0001847,2,0.8,0.4
image_0001848,2,0.8,0.5
image_0001849,2,0.8,0.5
image_0001850,2,0.8,0.5
image_0001851,2,0.8,0.5
image_0001852,2,0.8,0.5
image_0001853,2,0.8,0.5
image_0001854,2,0.8,0.5
image_0001855,2,0.8,0.5
image_0001856,2,0.8,0.5
image_0001857,2,0.8,0.4
image_0001858,2,0.8,0.5
image_0001859,2,0.8,0.5
image_0001860,2,0.8,0.5
image_0001861,2,0.8,0.5
image_0001862,2,0.8,0.5
image_0001863,2,0.8,0.5
image_0001864,2,0.8,0.5
image_0001865,2,0.8,0.5
image_0001866,2,0.8,0.5
image_0001867,2,0.8,0.5
image_0001868,2,0.8,0.5
image_0001869,2,0.8,0.5
image_0001870,2,0.8,0.5
image_0001871,2,0.8,0.4
image_0001872,2,0.8,0.4
image_0001873,2,0.8,0.5
image_0001874,2,0.8,0.5
image_0001875,2,0.8,0.5
image_0001876,2,0.8,0.5
image_0001877,2,0.8,0.5
image_0001878,2,0.8,0.5
image_0001879,2,0.8,0.5
image_0001880,2,0.8,0.4
image_0001881,2,0.8,0.5
image_0001882,2,0.8,0.5
image_0001883,2,0.8,0.5
image_0001884,2,0.8,0.5
image_0001885,2,0.8,0.4
image_0001886,2,0.8,0.5
image_0001887,2,0.8,0.4
image_0001888,2,0.8,0.5
image_0001889,2,0.8,0.5
image_0001890,2,0.8,0.5
image_0001891,2,0.8,0.5
image_0001892,2,0.8,0.5
image_0001893,2,0.8,0.5
image_0001894,2,0.8,0.5
image_0001895,2,0.8,0.4
image_0001896,2,0.8,0.5
image_0001897,2,0.8,0.5
image_0001898,2,0.8,0.4
image_0001899,2,0.8,0.4
image_0001900,2,0.8,0.4
image_0001901,2,0.8,0.5
image_0001902,2,0.8,0.5
image_0001903,2,0.8,0.5
image_0001904,2,0.8,0.5
image_0001905,2,0.8,0.4
image_0001906,2,0.8,0.5
image_0001907,2,0.8,0.5
image_0001908,2,0.8,0.5
image_0001909,2,0.8,0.4
image_0001910,2,0.8,0.4
image_0001911,2,0.8,0.5
image_0001912,2,0.8,0.5
image_0001913,2,0.8,0.4
image_0001914,2,0.8,0.5
image_0001915,2,0.8,0
image_0001916,2,0.8,0
image_0001917,2,0.8,0
image_0001918,2,0.8,0
image_0001919,2,0.8,0
image_0001920,2,0.8,0
image_0001921,2,0.8,0
image_0001922,2,0.8,0
image_0001923,2,0.8,0
image_0001924,2,0.8,0
image_0001925,2,0.8,0
image_0001926,2,0.8,0
image_0001927,2,0.8,0
image_0001928,2,0.8,0
image_0001929,2,0.8,0
image_0001930,2,0.8,0
image_0001931,2,0.8,0
image_0001932,2,0.8,0.4
image_0001933,2,0.8,0.4
image_0001934,2,0.8,0.4
image_0001935,2,0.8,0.5
image_0001936,2,0.8,0.5
image_0001937,2,0.8,0.5
image_0001938,2,0.8,0.4
image_0001939,2,0.8,0.5
image_0001940,2,0.8,0.4
image_0001941,2,0.8,0.5
image_0001942,2,0.8,0.4
image_0001943,2,0.8,0.5
image_0001944,2,0.8,0.4
image_0001945,2,0.8,0.4
image_0001946,2,0.8,0.4
image_0001947,2,0.8,0.4
image_0001948,2,0.8,0.5
image_0001949,2,0.8,0.4
image_0001950,2,0.8,0.5
image_0001951,2,0.8,0.5
image_0001952,2,0.8,0.4
image_0001953,2,0.8,0.4
image_0001954,2,0.8,0.5
image_0001955,2,0.8,0.4
image_0001956,2,0.8,0.5
image_0001957,2,0.8,0.5
image_0001958,2,0.8,0.5
image_0001959,2,0.8,0.4
image_0001960,2,0.8,0.4
image_0001961,2,0.8,0.4
image_0001962,2,0.8,0.4
image_0001963,2,0.8,0.4
image_0001964,2,0.8,0.4
image_0001965,2,0.8,0.5
image_0001966,2,0.8,0.4
image_0001967,2,0.8,0.4
image_0001968,2,0.8,0.5
image_0001969,2,0.8,0.5
image_0001970,2,0.8,0.4
image_0001971,2,0.8,0.5
image_0001972,2,0.8,0.4
image_0001973,2,0.8,0.4
image_0001974,2,0.8,0.4
image_0001975,2,0.8,0.5
image_0001976,2,0.8,0.4
image_0001977,2,0.8,0.5
image_0001978,2,0.8,0.5
image_0001979,2,0.8,0
image_0001980,2,0.8,0
image_0001981,2,0.8,0.5
image_0001982,2,0.8,0
image_0001983,2,0.8,0
image_0001984,2,0.8,0
image_0001985,2,0.8,0
image_0001986,2,0.8,0
image_0001987,2,0.8,0
image_0001988,2,0.8,0
image_0001989,2,0.8,0
image_0001990,2,0.8,0
image_0001991,2,0.8,0
image_0001992,2,0.8,0
image_0001993,2,0.8,0
image_0001994,2,0.8,0
image_0001995,2,0.8,0
image_0001996,2,0.8,0
image_0001997,2,0.8,0
image_0001998,2,0.8,0
image_0001999,2,0.8,0
image_0002000,2,0.8,0
image_0002001,2,0.8,0
image_0002002,2,0.8,0
image_0002003,2,0.8,0.1
image_0002004,2,0.8,0.1
image_0002005,2,0.8,0.4
image_0002006,2,0.8,0.4
image_0002007,2,0.8,0.4
image_0002008,2,0.8,0.4
image_0002009,2,0.8,0.4
image_0002010,2,0.8,0.4
image_0002011,2,0.8,0.4
image_0002012,2,0.8,0.5
image_0002013,2,0.8,0.5
image_0002014,2,0.8,0.5
image_0002015,2,0.8,0.5
image_0002016,2,0.8,0.5
image_0002017,2,0.8,0.5
image_0002018,2,0.8,0.4
image_0002019,2,0.8,0.4
image_0002020,2,0.8,0.5
image_0002021,2,0.8,0.4
image_0002022,2,0.8,0.5
